<?xml version="1.0" encoding="UTF-8"?>
<export version="D">
  <design>
    <source>/home/eis/Documents/KiCAD/kicad project/Triac_AC_Dimmer_1P/Triac_AC_Dimmer_1P.sch</source>
    <date>Сб 22 дек 2018 13:51:40</date>
    <tool>Eeschema 5.0.2-bee76a0~70~ubuntu18.04.1</tool>
    <sheet number="1" name="/" tstamps="/">
      <title_block>
        <title/>
        <company/>
        <rev/>
        <date/>
        <source>Triac_AC_Dimmer_1P.sch</source>
        <comment number="1" value=""/>
        <comment number="2" value=""/>
        <comment number="3" value=""/>
        <comment number="4" value=""/>
      </title_block>
    </sheet>
  </design>
  <components>
    <comp ref="R1">
      <value>10K</value>
      <footprint>Resistor_SMD:R_1206_3216Metric</footprint>
      <datasheet>~</datasheet>
      <libsource lib="Device" part="R" description="Resistor"/>
      <sheetpath names="/" tstamps="/"/>
      <tstamp>5C02C846</tstamp>
    </comp>
    <comp ref="R3">
      <value>10K</value>
      <footprint>Resistor_SMD:R_1206_3216Metric</footprint>
      <datasheet>~</datasheet>
      <libsource lib="Device" part="R" description="Resistor"/>
      <sheetpath names="/" tstamps="/"/>
      <tstamp>5C02C92D</tstamp>
    </comp>
    <comp ref="R5">
      <value>10K</value>
      <footprint>Resistor_SMD:R_1206_3216Metric</footprint>
      <datasheet>~</datasheet>
      <libsource lib="Device" part="R" description="Resistor"/>
      <sheetpath names="/" tstamps="/"/>
      <tstamp>5C02C97C</tstamp>
    </comp>
    <comp ref="SW2">
      <value>SW_Push</value>
      <footprint>Button_Switch_SMD:SW_SPST_CK_RS282G05A3</footprint>
      <libsource lib="Switch" part="SW_Push" description="Push button switch, generic, two pins"/>
      <sheetpath names="/" tstamps="/"/>
      <tstamp>5C02D04A</tstamp>
    </comp>
    <comp ref="R6">
      <value>10K</value>
      <footprint>Resistor_SMD:R_1206_3216Metric</footprint>
      <datasheet>~</datasheet>
      <libsource lib="Device" part="R" description="Resistor"/>
      <sheetpath names="/" tstamps="/"/>
      <tstamp>5C02D0C5</tstamp>
    </comp>
    <comp ref="R2">
      <value>470</value>
      <footprint>Resistor_SMD:R_1206_3216Metric</footprint>
      <datasheet>~</datasheet>
      <libsource lib="Device" part="R" description="Resistor"/>
      <sheetpath names="/" tstamps="/"/>
      <tstamp>5C02D110</tstamp>
    </comp>
    <comp ref="R4">
      <value>10K</value>
      <footprint>Resistor_SMD:R_1206_3216Metric</footprint>
      <datasheet>~</datasheet>
      <libsource lib="Device" part="R" description="Resistor"/>
      <sheetpath names="/" tstamps="/"/>
      <tstamp>5C02D187</tstamp>
    </comp>
    <comp ref="SW1">
      <value>SW_Push</value>
      <footprint>Button_Switch_SMD:SW_SPST_CK_RS282G05A3</footprint>
      <libsource lib="Switch" part="SW_Push" description="Push button switch, generic, two pins"/>
      <sheetpath names="/" tstamps="/"/>
      <tstamp>5C02D2AC</tstamp>
    </comp>
    <comp ref="U1">
      <value>ESP-12F</value>
      <footprint>RF_Module:ESP-12E</footprint>
      <datasheet>http://wiki.ai-thinker.com/_media/esp8266/esp8266_series_modules_user_manual_v1.1.pdf</datasheet>
      <libsource lib="RF_Module" part="ESP-12F" description="802.11 b/g/n Wi-Fi Module"/>
      <sheetpath names="/" tstamps="/"/>
      <tstamp>5C02C700</tstamp>
    </comp>
    <comp ref="R12">
      <value>39</value>
      <footprint>Resistor_THT:R_Axial_DIN0207_L6.3mm_D2.5mm_P10.16mm_Horizontal</footprint>
      <datasheet>~</datasheet>
      <libsource lib="Device" part="R" description="Resistor"/>
      <sheetpath names="/" tstamps="/"/>
      <tstamp>5C051A91</tstamp>
    </comp>
    <comp ref="C2">
      <value>10nF</value>
      <footprint>Capacitor_THT:C_Rect_L11.0mm_W4.3mm_P10.00mm_MKT</footprint>
      <datasheet>~</datasheet>
      <libsource lib="Device" part="C" description="Unpolarized capacitor"/>
      <sheetpath names="/" tstamps="/"/>
      <tstamp>5C051A98</tstamp>
    </comp>
    <comp ref="C1">
      <value>100nF</value>
      <footprint>Capacitor_SMD:C_0805_2012Metric</footprint>
      <datasheet>~</datasheet>
      <libsource lib="Device" part="C" description="Unpolarized capacitor"/>
      <sheetpath names="/" tstamps="/"/>
      <tstamp>5C0D48D6</tstamp>
    </comp>
    <comp ref="Q1">
      <value>BTA16-600B</value>
      <footprint>Package_TO_SOT_THT:TO-220-3_Vertical</footprint>
      <datasheet>https://www.rapidonline.com/pdf/47-3240.pdf</datasheet>
      <libsource lib="Triac_Thyristor" part="BT139-600" description="16A RMS, 600V Off-State Voltage, 4Q Triac, TO-220"/>
      <sheetpath names="/" tstamps="/"/>
      <tstamp>5C1730D7</tstamp>
    </comp>
    <comp ref="R11">
      <value>120K or 30</value>
      <footprint>Resistor_THT:R_Axial_DIN0207_L6.3mm_D2.5mm_P10.16mm_Horizontal</footprint>
      <datasheet>~</datasheet>
      <libsource lib="Device" part="R" description="Resistor"/>
      <sheetpath names="/" tstamps="/"/>
      <tstamp>5C1730E0</tstamp>
    </comp>
    <comp ref="R10">
      <value>120K</value>
      <footprint>Resistor_THT:R_Axial_DIN0207_L6.3mm_D2.5mm_P10.16mm_Horizontal</footprint>
      <datasheet>~</datasheet>
      <libsource lib="Device" part="R" description="Resistor"/>
      <sheetpath names="/" tstamps="/"/>
      <tstamp>5C1730E7</tstamp>
    </comp>
    <comp ref="R7">
      <value>220 or 10k</value>
      <footprint>Resistor_SMD:R_1206_3216Metric</footprint>
      <datasheet>~</datasheet>
      <libsource lib="Device" part="R" description="Resistor"/>
      <sheetpath names="/" tstamps="/"/>
      <tstamp>5C1730EE</tstamp>
    </comp>
    <comp ref="R9">
      <value>1K</value>
      <footprint>Resistor_THT:R_Axial_DIN0207_L6.3mm_D2.5mm_P10.16mm_Horizontal</footprint>
      <datasheet>~</datasheet>
      <libsource lib="Device" part="R" description="Resistor"/>
      <sheetpath names="/" tstamps="/"/>
      <tstamp>5C1730F5</tstamp>
    </comp>
    <comp ref="R8">
      <value>150</value>
      <footprint>Resistor_SMD:R_1206_3216Metric</footprint>
      <datasheet>~</datasheet>
      <libsource lib="Device" part="R" description="Resistor"/>
      <sheetpath names="/" tstamps="/"/>
      <tstamp>5C1730FC</tstamp>
    </comp>
    <comp ref="U3">
      <value>MOC3021M</value>
      <footprint>Package_DIP:DIP-6_W7.62mm</footprint>
      <datasheet>http://www.fairchildsemi.com/ds/MO/MOC3020M.pdf</datasheet>
      <libsource lib="Relay_SolidState" part="MOC3021M" description="Random Phase Opto-Triac, Vdrm 400V, Ift 15mA, DIP6"/>
      <sheetpath names="/" tstamps="/"/>
      <tstamp>5C173103</tstamp>
    </comp>
    <comp ref="U2">
      <value>4N25</value>
      <footprint>Package_DIP:DIP-6_W7.62mm</footprint>
      <datasheet>https://www.vishay.com/docs/83725/4n25.pdf</datasheet>
      <libsource lib="Isolator" part="4N25" description="DC Optocoupler Base Connected, Vce 30V, CTR 20%, Viso 2500V, DIP6"/>
      <sheetpath names="/" tstamps="/"/>
      <tstamp>5C17310A</tstamp>
    </comp>
    <comp ref="D1">
      <value>D_Bridge_+-AA</value>
      <footprint>Diode_SMD:Diode_Bridge_Vishay_DFS</footprint>
      <datasheet>~</datasheet>
      <libsource lib="Device" part="D_Bridge_+-AA" description="Diode bridge, +ve/-ve/AC/AC"/>
      <sheetpath names="/" tstamps="/"/>
      <tstamp>5C17311D</tstamp>
    </comp>
    <comp ref="J3">
      <value>Screw_Terminal_01x02</value>
      <footprint>TerminalBlock:TerminalBlock_bornier-2_P5.08mm</footprint>
      <datasheet>~</datasheet>
      <libsource lib="Connector" part="Screw_Terminal_01x02" description="Generic screw terminal, single row, 01x02, script generated (kicad-library-utils/schlib/autogen/connector/)"/>
      <sheetpath names="/" tstamps="/"/>
      <tstamp>5C173141</tstamp>
    </comp>
    <comp ref="J4">
      <value>Screw_Terminal_01x02</value>
      <footprint>TerminalBlock:TerminalBlock_bornier-2_P5.08mm</footprint>
      <datasheet>~</datasheet>
      <libsource lib="Connector" part="Screw_Terminal_01x02" description="Generic screw terminal, single row, 01x02, script generated (kicad-library-utils/schlib/autogen/connector/)"/>
      <sheetpath names="/" tstamps="/"/>
      <tstamp>5C173148</tstamp>
    </comp>
    <comp ref="J2">
      <value>Conn_01x03</value>
      <footprint>Connector_PinHeader_2.54mm:PinHeader_1x03_P2.54mm_Vertical</footprint>
      <datasheet>~</datasheet>
      <libsource lib="Connector_Generic" part="Conn_01x03" description="Generic connector, single row, 01x03, script generated (kicad-library-utils/schlib/autogen/connector/)"/>
      <sheetpath names="/" tstamps="/"/>
      <tstamp>5C294A27</tstamp>
    </comp>
    <comp ref="U4">
      <value>HLK-PM03</value>
      <footprint>Power_Supply:HLK-PM03</footprint>
      <libsource lib="Power_Supplies" part="HLK-PM03" description="AC DC power module"/>
      <sheetpath names="/" tstamps="/"/>
      <tstamp>5C1C679D</tstamp>
    </comp>
    <comp ref="F1">
      <value>Fuse</value>
      <footprint>Fuse:Fuseholder_Blade_Mini_Keystone_3568</footprint>
      <datasheet>~</datasheet>
      <libsource lib="Device" part="Fuse" description="Fuse"/>
      <sheetpath names="/" tstamps="/"/>
      <tstamp>5C1E186A</tstamp>
    </comp>
  </components>
  <libparts>
    <libpart lib="Connector" part="Screw_Terminal_01x02">
      <description>Generic screw terminal, single row, 01x02, script generated (kicad-library-utils/schlib/autogen/connector/)</description>
      <docs>~</docs>
      <footprints>
        <fp>TerminalBlock*:*</fp>
      </footprints>
      <fields>
        <field name="Reference">J</field>
        <field name="Value">Screw_Terminal_01x02</field>
      </fields>
      <pins>
        <pin num="1" name="Pin_1" type="passive"/>
        <pin num="2" name="Pin_2" type="passive"/>
      </pins>
    </libpart>
    <libpart lib="Connector_Generic" part="Conn_01x03">
      <description>Generic connector, single row, 01x03, script generated (kicad-library-utils/schlib/autogen/connector/)</description>
      <docs>~</docs>
      <footprints>
        <fp>Connector*:*_1x??_*</fp>
      </footprints>
      <fields>
        <field name="Reference">J</field>
        <field name="Value">Conn_01x03</field>
      </fields>
      <pins>
        <pin num="1" name="Pin_1" type="passive"/>
        <pin num="2" name="Pin_2" type="passive"/>
        <pin num="3" name="Pin_3" type="passive"/>
      </pins>
    </libpart>
    <libpart lib="Device" part="C">
      <description>Unpolarized capacitor</description>
      <docs>~</docs>
      <footprints>
        <fp>C_*</fp>
      </footprints>
      <fields>
        <field name="Reference">C</field>
        <field name="Value">C</field>
      </fields>
      <pins>
        <pin num="1" name="~" type="passive"/>
        <pin num="2" name="~" type="passive"/>
      </pins>
    </libpart>
    <libpart lib="Device" part="D_Bridge_+-AA">
      <description>Diode bridge, +ve/-ve/AC/AC</description>
      <docs>~</docs>
      <footprints>
        <fp>D*Bridge*</fp>
        <fp>D*Rectifier*</fp>
      </footprints>
      <fields>
        <field name="Reference">D</field>
        <field name="Value">D_Bridge_+-AA</field>
      </fields>
      <pins>
        <pin num="1" name="+" type="passive"/>
        <pin num="2" name="-" type="passive"/>
        <pin num="3" name="~~" type="passive"/>
        <pin num="4" name="~~" type="passive"/>
      </pins>
    </libpart>
    <libpart lib="Device" part="Fuse">
      <description>Fuse</description>
      <docs>~</docs>
      <footprints>
        <fp>*Fuse*</fp>
      </footprints>
      <fields>
        <field name="Reference">F</field>
        <field name="Value">Fuse</field>
      </fields>
      <pins>
        <pin num="1" name="~" type="passive"/>
        <pin num="2" name="~" type="passive"/>
      </pins>
    </libpart>
    <libpart lib="Device" part="R">
      <description>Resistor</description>
      <docs>~</docs>
      <footprints>
        <fp>R_*</fp>
      </footprints>
      <fields>
        <field name="Reference">R</field>
        <field name="Value">R</field>
      </fields>
      <pins>
        <pin num="1" name="~" type="passive"/>
        <pin num="2" name="~" type="passive"/>
      </pins>
    </libpart>
    <libpart lib="Isolator" part="4N25">
      <aliases>
        <alias>4N26</alias>
        <alias>TIL111</alias>
        <alias>4N27</alias>
        <alias>4N28</alias>
        <alias>4N35</alias>
        <alias>4N36</alias>
        <alias>4N37</alias>
      </aliases>
      <description>DC Optocoupler Base Connected, Vce 30V, CTR 20%, Viso 2500V, DIP6</description>
      <docs>https://www.vishay.com/docs/83725/4n25.pdf</docs>
      <footprints>
        <fp>DIP*W7.62mm*</fp>
      </footprints>
      <fields>
        <field name="Reference">U</field>
        <field name="Value">4N25</field>
        <field name="Footprint">Package_DIP:DIP-6_W7.62mm</field>
      </fields>
      <pins>
        <pin num="1" name="~" type="passive"/>
        <pin num="2" name="~" type="passive"/>
        <pin num="3" name="NC" type="NotConnected"/>
        <pin num="4" name="~" type="passive"/>
        <pin num="5" name="~" type="passive"/>
        <pin num="6" name="~" type="passive"/>
      </pins>
    </libpart>
    <libpart lib="Power_Supplies" part="HLK-PM03">
      <description>AC DC power module</description>
      <footprints>
        <fp>HLK-PM03</fp>
      </footprints>
      <fields>
        <field name="Reference">U</field>
        <field name="Value">HLK-PM03</field>
      </fields>
      <pins>
        <pin num="1" name="L1" type="input"/>
        <pin num="2" name="L2" type="input"/>
        <pin num="3" name="DC-" type="input"/>
        <pin num="4" name="DC+" type="input"/>
      </pins>
    </libpart>
    <libpart lib="RF_Module" part="ESP-12E">
      <aliases>
        <alias>ESP-12F</alias>
      </aliases>
      <description>802.11 b/g/n Wi-Fi Module</description>
      <docs>http://wiki.ai-thinker.com/_media/esp8266/esp8266_series_modules_user_manual_v1.1.pdf</docs>
      <footprints>
        <fp>ESP?12*</fp>
      </footprints>
      <fields>
        <field name="Reference">U</field>
        <field name="Value">ESP-12E</field>
        <field name="Footprint">RF_Module:ESP-12E</field>
      </fields>
      <pins>
        <pin num="1" name="~RST" type="input"/>
        <pin num="2" name="ADC" type="input"/>
        <pin num="3" name="EN" type="input"/>
        <pin num="4" name="GPIO16" type="BiDi"/>
        <pin num="5" name="GPIO14" type="BiDi"/>
        <pin num="6" name="GPIO12" type="BiDi"/>
        <pin num="7" name="GPIO13" type="BiDi"/>
        <pin num="8" name="VCC" type="power_in"/>
        <pin num="9" name="CS0" type="input"/>
        <pin num="10" name="MISO" type="BiDi"/>
        <pin num="11" name="GPIO9" type="BiDi"/>
        <pin num="12" name="GPIO10" type="BiDi"/>
        <pin num="13" name="MOSI" type="BiDi"/>
        <pin num="14" name="SCLK" type="BiDi"/>
        <pin num="15" name="GND" type="power_in"/>
        <pin num="16" name="GPIO15" type="BiDi"/>
        <pin num="17" name="GPIO2" type="BiDi"/>
        <pin num="18" name="GPIO0" type="BiDi"/>
        <pin num="19" name="GPIO4" type="BiDi"/>
        <pin num="20" name="GPIO5" type="BiDi"/>
        <pin num="21" name="GPIO3/RXD" type="BiDi"/>
        <pin num="22" name="GPIO1/TXD" type="BiDi"/>
      </pins>
    </libpart>
    <libpart lib="Relay_SolidState" part="MOC3010M">
      <aliases>
        <alias>MOC3011M</alias>
        <alias>MOC3012M</alias>
        <alias>MOC3020M</alias>
        <alias>MOC3021M</alias>
        <alias>MOC3022M</alias>
        <alias>MOC3023M</alias>
        <alias>MOC3051M</alias>
        <alias>MOC3052M</alias>
      </aliases>
      <description>Random Phase Opto-Triac, Vdrm 250V, Ift 15mA, DIP6</description>
      <docs>http://www.fairchildsemi.com/ds/MO/MOC3020M.pdf</docs>
      <footprints>
        <fp>DIP*W7.62mm*</fp>
        <fp>SMDIP*W9.53mm*</fp>
        <fp>DIP*W10.16mm*</fp>
      </footprints>
      <fields>
        <field name="Reference">U</field>
        <field name="Value">MOC3010M</field>
      </fields>
      <pins>
        <pin num="1" name="~" type="passive"/>
        <pin num="2" name="~" type="passive"/>
        <pin num="3" name="NC" type="NotConnected"/>
        <pin num="4" name="~" type="passive"/>
        <pin num="5" name="NC" type="NotConnected"/>
        <pin num="6" name="~" type="passive"/>
      </pins>
    </libpart>
    <libpart lib="Switch" part="SW_Push">
      <description>Push button switch, generic, two pins</description>
      <fields>
        <field name="Reference">SW</field>
        <field name="Value">SW_Push</field>
      </fields>
      <pins>
        <pin num="1" name="1" type="passive"/>
        <pin num="2" name="2" type="passive"/>
      </pins>
    </libpart>
    <libpart lib="Triac_Thyristor" part="TIC226">
      <aliases>
        <alias>TIC206</alias>
        <alias>BT138-600</alias>
        <alias>BT138-800</alias>
        <alias>TIC216</alias>
        <alias>BT136-500</alias>
        <alias>BT136-600</alias>
        <alias>BT136-800</alias>
        <alias>BT139-600</alias>
      </aliases>
      <description>8A RMS, 400-800V Off-State Voltage, Triac, TO-220</description>
      <docs>http://pdf.datasheetcatalog.com/datasheet/PowerInnovations/mXuqxvy.pdf</docs>
      <footprints>
        <fp>TO?220*</fp>
      </footprints>
      <fields>
        <field name="Reference">Q</field>
        <field name="Value">TIC226</field>
        <field name="Footprint">Package_TO_SOT_THT:TO-220-3_Vertical</field>
      </fields>
      <pins>
        <pin num="1" name="A1" type="passive"/>
        <pin num="2" name="A2" type="passive"/>
        <pin num="3" name="G" type="input"/>
      </pins>
    </libpart>
  </libparts>
  <libraries>
    <library logical="Connector">
      <uri>/usr/share/kicad/library/Connector.lib</uri>
    </library>
    <library logical="Connector_Generic">
      <uri>/usr/share/kicad/library/Connector_Generic.lib</uri>
    </library>
    <library logical="Device">
      <uri>/usr/share/kicad/library/Device.lib</uri>
    </library>
    <library logical="Isolator">
      <uri>/usr/share/kicad/library/Isolator.lib</uri>
    </library>
    <library logical="Power_Supplies">
      <uri>/home/eis/Documents/KiCAD/KiCAD_Libraries-master/Schematic/Power_Supplies.lib</uri>
    </library>
    <library logical="RF_Module">
      <uri>/usr/share/kicad/library/RF_Module.lib</uri>
    </library>
    <library logical="Relay_SolidState">
      <uri>/usr/share/kicad/library/Relay_SolidState.lib</uri>
    </library>
    <library logical="Switch">
      <uri>/usr/share/kicad/library/Switch.lib</uri>
    </library>
    <library logical="Triac_Thyristor">
      <uri>/usr/share/kicad/library/Triac_Thyristor.lib</uri>
    </library>
  </libraries>
  <nets>
    <net code="1" name="LINE">
      <node ref="R9" pin="1"/>
      <node ref="Q1" pin="2"/>
      <node ref="R11" pin="1"/>
      <node ref="U4" pin="1"/>
      <node ref="J3" pin="2"/>
      <node ref="R12" pin="1"/>
      <node ref="R10" pin="1"/>
    </net>
    <net code="2" name="Net-(D1-Pad1)">
      <node ref="D1" pin="1"/>
      <node ref="U2" pin="1"/>
    </net>
    <net code="3" name="Net-(D1-Pad3)">
      <node ref="R11" pin="2"/>
      <node ref="D1" pin="3"/>
      <node ref="R10" pin="2"/>
    </net>
    <net code="4" name="Net-(R9-Pad2)">
      <node ref="U3" pin="6"/>
      <node ref="R9" pin="2"/>
    </net>
    <net code="5" name="Net-(R8-Pad1)">
      <node ref="U3" pin="1"/>
      <node ref="R8" pin="1"/>
    </net>
    <net code="6" name="GND">
      <node ref="U4" pin="3"/>
      <node ref="U1" pin="15"/>
      <node ref="SW1" pin="1"/>
      <node ref="R6" pin="2"/>
      <node ref="U2" pin="4"/>
      <node ref="SW2" pin="1"/>
      <node ref="C1" pin="1"/>
      <node ref="J2" pin="3"/>
      <node ref="U3" pin="2"/>
    </net>
    <net code="7" name="GPIO4">
      <node ref="U1" pin="6"/>
      <node ref="R8" pin="2"/>
    </net>
    <net code="8" name="+3V3">
      <node ref="R4" pin="1"/>
      <node ref="C1" pin="2"/>
      <node ref="R5" pin="1"/>
      <node ref="R3" pin="1"/>
      <node ref="R1" pin="1"/>
      <node ref="U1" pin="8"/>
      <node ref="U4" pin="4"/>
      <node ref="R7" pin="2"/>
    </net>
    <net code="9" name="Net-(U2-Pad6)">
      <node ref="U2" pin="6"/>
    </net>
    <net code="10" name="Net-(U3-Pad3)">
      <node ref="U3" pin="3"/>
    </net>
    <net code="11" name="Net-(Q1-Pad3)">
      <node ref="Q1" pin="3"/>
      <node ref="U3" pin="4"/>
    </net>
    <net code="12" name="Net-(U3-Pad5)">
      <node ref="U3" pin="5"/>
    </net>
    <net code="13" name="Net-(D1-Pad2)">
      <node ref="D1" pin="2"/>
      <node ref="U2" pin="2"/>
    </net>
    <net code="14" name="Net-(U2-Pad3)">
      <node ref="U2" pin="3"/>
    </net>
    <net code="15" name="GPIO5">
      <node ref="R7" pin="1"/>
      <node ref="U2" pin="5"/>
      <node ref="U1" pin="7"/>
    </net>
    <net code="16" name="NEUT">
      <node ref="J4" pin="1"/>
      <node ref="J3" pin="1"/>
      <node ref="D1" pin="4"/>
      <node ref="U4" pin="2"/>
    </net>
    <net code="17" name="Net-(U1-Pad20)">
      <node ref="U1" pin="20"/>
    </net>
    <net code="18" name="Net-(U1-Pad19)">
      <node ref="U1" pin="19"/>
    </net>
    <net code="19" name="Net-(U1-Pad2)">
      <node ref="U1" pin="2"/>
    </net>
    <net code="20" name="Net-(F1-Pad1)">
      <node ref="J4" pin="2"/>
      <node ref="F1" pin="1"/>
    </net>
    <net code="21" name="Net-(C2-Pad2)">
      <node ref="C2" pin="2"/>
      <node ref="F1" pin="2"/>
      <node ref="Q1" pin="1"/>
    </net>
    <net code="22" name="Net-(U1-Pad5)">
      <node ref="U1" pin="5"/>
    </net>
    <net code="23" name="Net-(U1-Pad9)">
      <node ref="U1" pin="9"/>
    </net>
    <net code="24" name="Net-(U1-Pad10)">
      <node ref="U1" pin="10"/>
    </net>
    <net code="25" name="Net-(U1-Pad11)">
      <node ref="U1" pin="11"/>
    </net>
    <net code="26" name="Net-(U1-Pad12)">
      <node ref="U1" pin="12"/>
    </net>
    <net code="27" name="Net-(U1-Pad13)">
      <node ref="U1" pin="13"/>
    </net>
    <net code="28" name="Net-(U1-Pad14)">
      <node ref="U1" pin="14"/>
    </net>
    <net code="29" name="Net-(R5-Pad2)">
      <node ref="U1" pin="17"/>
      <node ref="R5" pin="2"/>
    </net>
    <net code="30" name="Net-(J2-Pad2)">
      <node ref="J2" pin="2"/>
      <node ref="U1" pin="21"/>
    </net>
    <net code="31" name="Net-(J2-Pad1)">
      <node ref="J2" pin="1"/>
      <node ref="U1" pin="22"/>
    </net>
    <net code="32" name="Net-(R2-Pad1)">
      <node ref="R2" pin="1"/>
      <node ref="U1" pin="4"/>
    </net>
    <net code="33" name="Net-(R3-Pad2)">
      <node ref="R3" pin="2"/>
      <node ref="U1" pin="3"/>
    </net>
    <net code="34" name="Net-(R1-Pad2)">
      <node ref="R2" pin="2"/>
      <node ref="U1" pin="1"/>
      <node ref="SW1" pin="2"/>
      <node ref="R1" pin="2"/>
    </net>
    <net code="35" name="Net-(R4-Pad2)">
      <node ref="SW2" pin="2"/>
      <node ref="R4" pin="2"/>
      <node ref="U1" pin="18"/>
    </net>
    <net code="36" name="Net-(R6-Pad1)">
      <node ref="R6" pin="1"/>
      <node ref="U1" pin="16"/>
    </net>
    <net code="37" name="Net-(C2-Pad1)">
      <node ref="R12" pin="2"/>
      <node ref="C2" pin="1"/>
    </net>
  </nets>
</export>
